index    parent   name                      common                    redlist   popstab  
13       12       albibarbis_Hylobates      Bornean White-bearded Gibbon  EN        D        
14       12       agilis_Hylobates          Agile Gibbon              EN        D        
15       11       lar_Hylobates             Lar Gibbon                EN        D        
16       10       moloch_Hylobates          Silvery Javan Gibbon      EN        D        
18       17       muelleri_Hylobates        Muller's Bornean Gibbon   EN        D        
19       17       pileatus_Hylobates        Pileated Gibbon           EN        D        
20       8        klossii_Hylobates         Kloss's Gibbon            EN        D        
21       7        hoolock_Bunopithecus                                NE        U        
22       6        syndactylus_Symphalangus  Siamang                   EN        D        
26       25       concolor_Nomascus         Black Crested Gibbon      CR        D        
27       25       hainanus_Nomascus         Hainan Gibbon             CR        S        
28       24       leucogenys_Nomascus       Northern White-cheeked Gibbon  CR        D        
30       29       siki_Nomascus             Southern White-cheeked Gibbon  EN        D        
31       29       gabriellae_Nomascus       Red-cheeked Gibbon        EN        D        
36       35       troglodytes_Pan           Chimpanzee                EN        D        
37       35       paniscus_Pan              Bonobo                    EN        D        
38       34       sapiens_Homo              Human                     LC        I        
40       39       beringei_Gorilla          Eastern Gorilla           EN        D        
41       39       gorilla_Gorilla           Lowland Gorilla           CR        D        
43       42       pygmaeus_Pongo            Bornean Orangutan         EN        D        
44       42       abelii_Pongo              Sumatran Orangutan        CR        D        
49       48       sangirensis_Tarsius       Sangihe Tarsier           EN        D        
50       48       tarsier_Tarsius           Spectral Tarsier          VU        D        
51       47       pelengensis_Tarsius       Peleng Tarsier            EN        D        
53       52       dentatus_Tarsius          Dian's Tarsier            VU        D        
54       52       pumilus_Tarsius           Pygmy Tarsier             DD        D        
56       55       bancanus_Tarsius          Horsfield's Tarsier       VU        D        
57       55       syrichta_Tarsius          Philippine Tarsier        NT        D        
72       71       rufus_Eulemur             Red Brown Lemur           DD        D        
73       71       albocollaris_Eulemur                                NE        U        
74       70       fulvus_Eulemur            Brown Lemur               NT        D        
75       69       albifrons_Eulemur         White-fronted Brown Lemur  VU        D        
78       77       sanfordi_Eulemur          Sanford's Brown Lemur     EN        D        
79       77       collaris_Eulemur          Collared Brown Lemur      VU        D        
80       76       cinereiceps_Eulemur       White-collared Lemur      EN        D        
81       67       macaco_Eulemur            Black Lemur               VU        D        
83       82       rubriventer_Eulemur       Red-bellied Lemur         VU        D        
84       82       mongoz_Eulemur            Mongoose Lemur            VU        D        
85       65       coronatus_Eulemur         Crowned Lemur             VU        D        
86       64       catta_Lemur               Ring-tailed Lemur         NT        D        
90       89       griseus_Hapalemur         Eastern Lesser Bamboo Lemur  VU        D        
91       89       alaotrensis_Hapalemur     Alaotran Gentle Lemur     CR        D        
92       88       occidentalis_Hapalemur    Sambirano Lesser Bamboo Lemur  VU        D        
94       93       aureus_Hapalemur          Golden Bamboo Lemur       EN        D        
95       93       simus_Prolemur            Greater Bamboo Lemur      CR        D        
97       96       variegata_Varecia         Black-and-white Ruffed Lemur  CR        D        
98       96       rubra_Varecia             Red Ruffed Lemur          EN        D        
103      102      septentrionalis_Lepilemur  Sahafary Sportive Lemur   CR        D        
104      102      ankaranensis_Lepilemur    Ankarana Sportive Lemur   EN        D        
105      101      ruficaudatus_Lepilemur    Red-tailed Sportive Lemur  DD        D        
107      106      microdon_Lepilemur        Small-toothed Sportive Lemur  DD        U        
108      106      mustelinus_Lepilemur      Weasel Sportive Lemur     DD        U        
111      110      leucopus_Lepilemur        White-footed Sportive Lemur  DD        U        
112      110      dorsalis_Lepilemur        Gray's Sportive Lemur     DD        U        
113      109      edwardsi_Lepilemur        Milne-edwards's Sportive Lemur  VU        D        
121      120      deckenii_Propithecus      Van Der Decken's Sifaka   VU        D        
122      120      verreauxi_Propithecus     Verreaux's Sifaka         VU        D        
123      119      coquereli_Propithecus     Coquerel's Sifaka         EN        D        
126      125      perrieri_Propithecus      Perrier's Sifaka          CR        D        
127      125      diadema_Propithecus       Diademed Sifaka           EN        D        
128      124      edwardsi_Propithecus      Milne-edward's Sifaka     EN        D        
129      117      tattersalli_Propithecus   Golden-crowned Sifaka     EN        U        
131      130      occidentalis_Avahi        Lorenz Von Liburnau's Woolly Lemur  EN        D        
132      130      laniger_Avahi             Gmelin's Woolly Lemur     LC        D        
133      115      indri_Indri               Indri                     EN        D        
134      114      madagascariensis_Daubentonia  Aye-aye                   NT        D        
142      141      griseorufus_Microcebus    Grey-brown Mouse Lemur    LC        D        
143      141      myoxinus_Microcebus       Peters' Mouse Lemur       DD        U        
144      140      murinus_Microcebus        Grey Mouse-lemur          LC        D        
145      139      rufus_Microcebus          Rufous Mouse Lemur        LC        D        
146      138      coquereli_Mirza           Coquerel's Giant Mouse Lemur  NT        D        
147      137      trichotis_Allocebus       Hairy-eared Dwarf Lemur   DD        U        
152      151      adipicaudatus_Cheirogaleus  Southern Fat-tailed Dwarf Lemur  DD        U        
153      151      crossleyi_Cheirogaleus    Furry-eared Dwarf Lemur   DD        U        
154      150      major_Cheirogaleus        Geoffroy's Dwarf Lemur    LC        U        
155      149      sibreei_Cheirogaleus      Sibree's Dwarf Lemur      DD        U        
156      148      medius_Cheirogaleus       Western Fat-tailed Dwarf Lemur  LC        U        
159      158      electromontis_Phaner      Montagne D' Ambre Fork-marked Lemur  VU        D        
160      158      pallescens_Phaner         Pale Fork-marked Lemur    LC        D        
162      161      parienti_Phaner           Sambirano Fork-marked Lemur  VU        D        
163      161      furcifer_Phaner           Masoala Fork-marked Lemur  LC        D        
173      172      crassicaudatus_Otolemur   Thick-tailed Greater Galago  LC        S        
174      172      monteiri_Otolemur                                   NE        U        
175      171      garnettii_Otolemur        Small-eared Greater Galago  LC        S        
176      170      gallarum_Galago           Somali Lesser Galago      LC        S        
178      177      elegantulus_Euoticus      Southern Needle-clawed Galago  LC        S        
179      177      pallidus_Euoticus         Northern Needle-clawed Galago  LC        U        
183      182      moholi_Galago             Southern Lesser Galago    LC        S        
184      182      nyasae_Galago                                       NE        U        
185      181      senegalensis_Galago       Northern Lesser Galago    LC        S        
186      180      matschiei_Galago          Spectacled Lesser Galago  LC        D        
189      188      cameronensis_Galago                                 NE        U        
190      188      alleni_Galago                                       NE        U        
191      187      gabonensis_Galago                                   NE        U        
194      193      demidoff_Galago                                     NE        U        
195      193      orinus_Galago                                       NE        U        
196      192      thomasi_Galago                                      NE        U        
198      197      zanzibaricus_Galago                                 NE        U        
199      197      granti_Galago                                       NE        U        
204      203      bengalensis_Nycticebus    Bengal Slow Loris         VU        D        
205      203      coucang_Nycticebus        Greater Slow Loris        VU        D        
206      202      pygmaeus_Nycticebus       Pygmy Slow Loris          VU        D        
208      207      lydekkerianus_Loris       Gray Slender Loris        LC        D        
209      207      tardigradus_Loris         Red Slender Loris         EN        D        
212      211      calabarensis_Arctocebus   Calabar Angwantibo        LC        U        
213      211      aureus_Arctocebus         Golden Angwantibo         LC        U        
214      210      potto_Perodicticus        Potto                     LC        S        
