index    parent   name                      common                    redlist   popstab  
8        7        shortridgei_Miniopterus   Shortridge's Long-fingered Bat  DD        U        
9        7        paululus_Miniopterus      Philippine Long-fingered Bat  DD        U        
10       6        australis_Miniopterus     Little Long-fingered Bat  LC        S        
12       11       manavi_Miniopterus        Manavil Long-fingered Bat  LC        U        
13       11       minor_Miniopterus         Least Long-fingered Bat   DD        U        
15       14       macrocneme_Miniopterus    Small Melanesian Bent-winged Bat  DD        U        
16       14       pusillus_Miniopterus      Small Long-fingered Bat   LC        U        
19       18       fuscus_Miniopterus        Southeast Asian Long-fingered Bat  EN        D        
20       18       medius_Miniopterus        Medium Bent-winged Bat    LC        U        
21       17       fraterculus_Miniopterus   Lesser Long-fingered Bat  LC        U        
26       25       natalensis_Miniopterus    Natal Long-fingered Bat   LC        U        
27       25       majori_Miniopterus        Major's Long-fingered Bat  LC        U        
28       24       schreibersii_Miniopterus  Common Bentwing Bat       NT        D        
30       29       robustior_Miniopterus     Loyalty Bent-winged Bat   EN        U        
31       29       tristis_Miniopterus       Great Long-fingered Bat   LC        U        
34       33       inflatus_Miniopterus      Greater Long-fingered Bat  LC        U        
35       33       africanus_Miniopterus                               NE        U        
36       32       magnater_Miniopterus      Large Bent-winged Bat     LC        U        
52       51       aztecus_Molossus          Aztec Mastiff Bat         LC        D        
53       51       barnesi_Molossus                                    DD        U        
54       50       coibensis_Molossus        Coiban Mastiff Bat        LC        U        
55       49       molossus_Molossus         Pallas's Mastiff Bat      LC        U        
57       56       pretiosus_Molossus        Miller's Mastiff Bat      LC        U        
58       56       rufus_Molossus            Black Mastiff Bat         LC        S        
59       47       currentium_Molossus       Bonda Mastiff Bat         LC        U        
60       46       sinaloae_Molossus         Sinaloan Mastiff Bat      LC        S        
62       61       centralis_Promops         Big Crested Mastiff Bat   LC        U        
63       61       nasutus_Promops           Brown Mastiff Bat         LC        U        
70       69       underwoodi_Eumops         Underwood's Bonneted Bat  LC        U        
71       69       auripendulus_Eumops       Black Bonneted Bat        LC        U        
72       68       glaucinus_Eumops          Wagner's Bonneted Bat     LC        U        
73       67       maurus_Eumops             Guianan Bonneted Bat      DD        D        
75       74       patagonicus_Eumops        Patagonian Dwarf Bonneted Bat  LC        S        
76       74       bonariensis_Eumops        Dwarf Bonneted Bat        LC        U        
77       65       dabbenei_Eumops           Big Bonneted Bat          LC        U        
80       79       perotis_Eumops            Greater Bonneted Bat      LC        D        
81       79       trumbulli_Eumops                                    LC        U        
82       78       hansae_Eumops             Sanborn's Bonneted Bat    LC        U        
86       85       madagascariensis_Otomops  Madagascar Free-tailed Bat  LC        U        
87       85       martiensseni_Otomops      Large-eared Free-tailed Bat  NT        D        
88       84       secundus_Otomops          Mantled Free-tailed Bat   DD        U        
91       90       papuensis_Otomops         Papuan Free-tailed Bat    DD        U        
92       90       formosus_Otomops          Java Giant Mastiff Bat    DD        U        
93       89       wroughtoni_Otomops        Wroughton's Free-tailed Bat  DD        U        
103      102      solomonis_Chaerephon                                NE        U        
104      102      jobensis_Chaerephon                                 NE        U        
105      101      bregullae_Chaerephon                                NE        U        
106      100      johorensis_Chaerephon                               NE        U        
107      99       plicatus_Chaerephon                                 NE        U        
108      98       aloysiisabaudiae_Chaerephon                            NE        U        
112      111      leucogaster_Chaerephon                              NE        U        
113      111      pumilus_Chaerephon                                  NE        U        
114      110      russatus_Chaerephon                                 NE        U        
115      109      gallagheri_Chaerephon                               NE        U        
119      118      shortridgei_Chaerephon                              NE        U        
120      118      chapini_Chaerephon                                  NE        U        
121      117      major_Chaerephon                                    NE        U        
122      116      nigeriae_Chaerephon                                 NE        U        
125      124      bemmeleni_Chaerephon                                NE        U        
126      124      ansorgei_Chaerephon                                 NE        U        
127      123      bivittatus_Chaerephon                               NE        U        
136      135      leucostigma_Mops                                    NE        U        
137      135      condylurus_Mops                                     NE        U        
138      134      congicus_Mops                                       NE        U        
139      133      mops_Mops                                           NE        U        
141      140      demonstrator_Mops                                   NE        U        
142      140      niveiventer_Mops                                    NE        U        
144      143      sarasinorum_Mops                                    NE        U        
145      143      trevori_Mops                                        NE        U        
146      130      niangarae_Mops                                      NE        U        
147      129      midas_Mops                                          NE        U        
151      150      brachypterus_Mops                                   NE        U        
152      150      nanulus_Mops                                        NE        U        
154      153      thersites_Mops                                      NE        U        
155      153      spurrelli_Mops                                      NE        U        
156      148      petersoni_Mops                                      NE        U        
160      159      femorosaccus_Nyctinomops  Pocketed Free-tailed Bat  LC        S        
161      159      laticaudatus_Nyctinomops  Broad-eared Bat           LC        U        
162      158      macrotis_Nyctinomops      Big Free-tailed Bat       LC        U        
163      157      aurispinosus_Nyctinomops  Peale's Free-tailed Bat   LC        U        
172      171      latouchei_Tadarida        La Touche's Free-tailed Bat  DD        D        
173      171      insignis_Tadarida         East Asian Free-tailed Bat  DD        U        
174      170      teniotis_Tadarida         European Free-tailed Bat  LC        U        
175      169      lobata_Tadarida           Kenyan Big-eared Free-tailed Bat  LC        U        
176      168      fulminans_Tadarida        Malagasy Free-tailed Bat  LC        S        
177      167      ventralis_Tadarida        African Giant Free-tailed Bat  DD        U        
179      178      australis_Tadarida        White-striped Free-tailed Bat  LC        D        
180      178      kuboriensis_Tadarida      New Guinea Free-tailed Bat  LC        S        
181      165      aegyptiaca_Tadarida       Egyptian Free-tailed Bat  LC        U        
182      164      brasiliensis_Tadarida     Brazilian Free-tailed Bat  LC        S        
190      189      greenhalli_Cynomops       Greenhall's Dog-faced Bat  LC        U        
191      189      mexicanus_Cynomops        Mexican Dog-faced Bat     LC        U        
193      192      planirostris_Cynomops     Southern Dog-faced Bat    LC        U        
194      192      paranus_Cynomops          Brown Dog-faced Bat       DD        U        
195      187      abrasus_Cynomops          Cinnamon Dog-faced Bat    DD        U        
196      186      aequatorianus_Molossops   Equatorial Dog-faced Bat  VU        U        
197      185      mattogrossensis_Molossops  Mato Grosso Dog-faced Bat  LC        U        
199      198      neglectus_Molossops       Rufous Dog-faced Bat      DD        U        
200      198      temminckii_Molossops      Dwarf Dog-faced Bat       LC        U        
203      202      daubentonii_Myopterus     Daubenton's Free-tailed Bat  DD        U        
204      202      whitleyi_Myopterus        Bini Free-tailed Bat      LC        D        
206      205      torquatus_Cheiromeles     Greater Naked Bat         LC        U        
207      205      parvidens_Cheiromeles     Lesser Naked Bat          LC        U        
213      212      jugularis_Mormopterus     Peters' Wrinkle-lipped Bat  LC        U        
214      212      doriae_Mormopterus        Sumatran Mastiff Bat      DD        U        
215      211      acetabulosus_Mormopterus  Natal Free-tailed Bat     VU        U        
218      217      kalinowskii_Mormopterus   Kalinowski's Mastiff Bat  LC        U        
219      217      phrudus_Mormopterus       Incan Little Mastiff Bat  VU        D        
220      216      minutus_Mormopterus       Little Goblin Bat         VU        D        
221      209      petrophilus_Sauromys      Roberts's Flat-headed Bat  LC        S        
226      225      loriae_Mormopterus        Little Northern Free-tailed Bat  LC        S        
227      225      planiceps_Mormopterus     Southern Free-tailed Bat  LC        D        
228      224      beccarii_Mormopterus      Beccari's Free-tailed Bat  LC        S        
229      223      norfolkensis_Mormopterus  East-coast Free-tailed Bat  VU        D        
230      222      setiger_Platymops         Peters's Flat-headed Bat  LC        U        
231      37       ravus_Tomopeas            Blunt-eared Bat           VU        D        
