index    parent   name                      common                    redlist   popstab  
18       17       simulator_Akodon          Gray-bellied Grass Mouse  LC        S        
19       17       toba_Akodon               Chaco Grass Mouse         LC        S        
20       16       dayi_Akodon               Day's Grass Mouse         LC        S        
21       15       dolores_Akodon            Cordoba Akodont           LC        S        
24       23       molinae_Akodon            Molina's Grass Mouse      LC        D        
25       23       neocenus_Akodon           Neuquen Akodont           DD        U        
26       22       varius_Akodon             Variable Grass Mouse      DD        U        
28       27       sylvanus_Akodon           Forest Grass Mouse        LC        S        
29       27       pervalens_Akodon          Tarija Akodont            DD        U        
30       12       iniscatus_Akodon          Intelligent Grass Mouse   LC        S        
32       31       markhami_Abrothrix        Markham's Grass Mouse     LC        S        
33       31       lutescens_Akodon          Altiplano Grass Mouse     LC        S        
37       36       boliviensis_Akodon        Bolivian Grass Mouse      LC        S        
38       36       juninensis_Akodon         Junin Grass Mouse         LC        S        
39       35       mollis_Akodon             Soft Grass Mouse          LC        S        
41       40       kofordi_Akodon            Koford's Grass Mouse      LC        U        
42       40       azarae_Akodon             Azara's Grass Mouse       LC        S        
49       48       serrensis_Akodon          Serrado Do Mar Grass Mouse  LC        U        
50       48       spegazzinii_Akodon        Spegazzini's Grass Mouse  LC        S        
52       51       cursor_Akodon             Cursor Grass Mouse        LC        U        
53       51       montensis_Akodon          Montane Akodont           LC        D        
54       46       fumeus_Akodon             Smoky Grass Mouse         LC        S        
55       45       torques_Akodon            Cloud Forest Grass Mouse  LC        S        
59       58       albiventer_Akodon         White-bellied Grass Mouse  LC        S        
60       58       urichi_Necromys           Northern Grass Mouse      LC        U        
61       57       affinis_Akodon            Colombian Grass Mouse     LC        S        
63       62       sanctipaulensis_Akodon    Sao Paulo Grass Mouse     DD        U        
64       62       orophilus_Akodon          El Dorado Grass Mouse     LC        S        
67       66       lindberghi_Akodon         Lindbergh's Grass Mouse   DD        U        
68       66       surdus_Akodon             Silent Grass Mouse        VU        D        
70       69       olivaceus_Abrothrix       Olive Grass Mouse         LC        S        
71       69       subfuscus_Akodon          Puno Grass Mouse          LC        S        
72       8        hershkovitzi_Abrothrix    Hershkovitz's Akodont     LC        S        
77       76       longipilis_Abrothrix      Long-haired Akodont       LC        D        
78       76       lanosus_Abrothrix         Woolly Grass Mouse        LC        S        
79       75       sanborni_Abrothrix        Sanborn's Grass Mouse     NT        D        
80       74       kempi_Deltamys            Kemp's Grass Mouse        LC        U        
81       73       nigrita_Thaptomys         Blackish Grass Mouse      LC        U        
84       83       siberiae_Akodon           Cochabamba Grass Mouse    NT        D        
85       83       budini_Akodon             Budin's Grass Mouse       LC        S        
86       82       illuteus_Abrothrix        Gray Akodont              NT        D        
90       89       latebricola_Akodon        Ecuadorean Grass Mouse    VU        D        
91       89       bogotensis_Akodon         Bogota Grass Mouse        LC        S        
92       88       mimus_Akodon              Thespian Grass Mouse      LC        S        
93       87       aerosus_Akodon            Highland Grass Mouse      LC        S        
95       94       jelskii_Abrothrix         Jelski's Altiplano Mouse  LC        S        
96       94       andinus_Abrothrix         Andean Akodont            LC        U        
97       3        ebriosus_Neotomys         Andean Swamp Rat          LC        S        
109      108      cinereus_Thomasomys       Ash-colored Oldfield Mouse  LC        S        
110      108      caudivarius_Thomasomys                              LC        D        
111      107      laniger_Thomasomys        Butcher Oldfield Mouse    LC        S        
112      106      kalinowskii_Thomasomys    Kalinowski's Oldfield Mouse  VU        D        
113      105      bombycinus_Thomasomys     Silky Oldfield Mouse      DD        U        
117      116      rosalinda_Thomasomys      Rosalinda's Oldfield Mouse  DD        D        
118      116      baeops_Thomasomys         Beady-eyed Mouse          LC        D        
119      115      silvestris_Thomasomys     Forest Oldfield Mouse     LC        D        
121      120      cinereiventer_Thomasomys  Ashy-bellied Oldfield Mouse  LC        D        
122      120      erro_Thomasomys                                     LC        U        
124      123      notatus_Thomasomys        Distinguished Oldfield Mouse  LC        D        
125      123      vestitus_Thomasomys       Dressy Oldfield Mouse     LC        U        
133      132      gracilis_Thomasomys       Slender Oldfield Mouse    NT        D        
134      132      hudsoni_Thomasomys                                  DD        U        
135      131      cinnameus_Thomasomys                                LC        U        
136      130      daphne_Thomasomys         Daphne's Oldfield Mouse   LC        U        
139      138      ladewi_Thomasomys         Ladew's Oldfield Mouse    LC        U        
140      138      oreas_Thomasomys          Montane Oldfield Mouse    LC        U        
141      137      niveipes_Thomasomys       Snow-footed Oldfield Mouse  LC        U        
142      128      incanus_Thomasomys        Inca Oldfield Mouse       VU        D        
144      143      rhoadsi_Thomasomys        Rhoads's Oldfield Mouse   LC        S        
145      143      eleusis_Thomasomys        Peruvian Oldfield Mouse   LC        U        
146      126      hylophilus_Thomasomys     Woodland Oldfield Mouse   EN        D        
152      151      taczanowskii_Thomasomys   Taczanowski's Oldfield Mouse  LC        U        
153      151      pyrrhonotus_Thomasomys    Thomas's Oldfield Mouse   VU        D        
154      150      ischyrus_Thomasomys       Strong-tailed Oldfield Mouse  VU        D        
155      149      monochromos_Thomasomys    Unicolored Oldfield Mouse  EN        D        
158      157      aureus_Thomasomys         Golden Oldfield Mouse     LC        D        
159      157      praetor_Thomasomys                                  DD        U        
160      156      popayanus_Thomasomys                                DD        U        
161      147      paramorum_Thomasomys      Paramo Oldfield Mouse     LC        U        
163      162      fuscatus_Handleyomys      Dusky Montane Mouse       LC        D        
164      162      lugens_Aepeomys           Olive Montane Mouse       LC        U        
166      165      apicalis_Lenoxus          Andean Rat                LC        U        
167      165      edax_Andinomys            Andean Mouse              LC        S        
168      98       valdivianus_Geoxus        Long-clawed Mole Mouse    LC        S        
175      174      musculinus_Calomys        Drylands Vesper Mouse     LC        S        
176      174      lepidus_Calomys           Andean Vesper Mouse       LC        S        
177      173      boliviae_Calomys          Bolivian Vesper Mouse     LC        S        
180      179      sorellus_Calomys          Peruvian Vesper Mouse     LC        S        
181      179      tener_Calomys             Delicate Vesper Mouse     LC        I        
182      178      laucha_Calomys            Small Vesper Mouse        LC        U        
184      183      hummelincki_Calomys       Hummelinck's Vesper Mouse  VU        D        
185      183      callidus_Calomys          Crafty Vesper Mouse       LC        U        
188      187      venustus_Calomys          Cordoba Laucha            LC        S        
189      187      expulsus_Calomys                                    LC        I        
190      186      callosus_Calomys          Large Vesper Mouse        LC        S        
191      169      pyrrhorhinos_Wiedomys     Red-nosed Mouse           LC        U        
202      201      hiska_Oxymycterus         Small Hocicudo            LC        S        
203      201      inca_Oxymycterus          Incan Hocicudo            LC        S        
204      200      paramensis_Oxymycterus    Paramo Hocicudo           LC        S        
206      205      hispidus_Oxymycterus      Hispid Hocicudo           LC        S        
207      205      quaestor_Oxymycterus                                LC        U        
210      209      angularis_Oxymycterus     Angular Hocicudo          LC        U        
211      209      roberti_Oxymycterus       Robert's Hocicudo         LC        U        
212      208      delator_Oxymycterus       Spy Hocicudo              LC        S        
217      216      rufus_Oxymycterus         Red Hocicudo              LC        D        
218      216      dasytrichus_Oxymycterus                             LC        S        
219      215      nasutus_Oxymycterus       Long-nosed Hocicudo       LC        U        
220      214      akodontius_Oxymycterus    Argentine Hocicudo        DD        U        
221      213      iheringi_Brucepattersonius  Ihering's Hocicudo        LC        D        
222      196      hucucha_Oxymycterus       Quechuan Hocicudo         EN        D        
225      224      tenuipes_Neacomys         Narrow-footed Bristly Mouse  LC        S        
226      224      guianae_Neacomys          Guiana Bristly Mouse      LC        S        
228      227      pictus_Neacomys           Painted Bristly Mouse     DD        U        
229      227      spinosus_Neacomys         Bristly Mouse             LC        S        
230      194      breviceps_Blarinomys      Brazilian Shrew Mouse     LC        D        
233      232      robustulus_Melanomys      Robust Dark Rice Rat      LC        S        
234      232      caliginosus_Melanomys     Dusky Rice Rat            LC        S        
235      231      zunigae_Melanomys         Zuniga's Dark Rice Rat    CR        U        
240      239      morgani_Eligmodontia      Morgan's Gerbil Mouse     LC        S        
241      239      moreni_Eligmodontia       Monte Gerbil Mouse        LC        S        
242      238      puerulus_Eligmodontia     Andean Gerbil Mouse       LC        S        
243      237      typus_Eligmodontia        Highland Gerbil Mouse     LC        S        
246      245      altissimus_Microryzomys   Highland Small Rice Rat   LC        U        
247      245      minutus_Microryzomys      Forest Small Rice Rat     LC        U        
248      244      ferrugineus_Phaenomys     Rio De Janeiro Arboreal Rat  VU        D        
