index,parent,name1,name2,common,redlist,popstab
14,13,"abyssinicus","Turtur","Black-billed Wood-dove",LC,U
15,13,"tympanistria","Turtur","Tambourine Dove",LC,U
16,12,"brehmeri","Turtur","Blue-headed Wood-dove",LC,U
18,17,"chalcospilos","Turtur","Emerald-spotted Wood-dove",LC,U
19,17,"afer","Turtur","Blue-spotted Wood-dove",LC,U
20,10,"capensis","Oena","Namaqua Dove",LC,U
22,21,"stephani","Chalcophaps","Stephan's Dove",LC,U
23,21,"indica","Chalcophaps","Emerald Dove",LC,U
27,26,"brunneiceps","Phapitreron","Mindanao Brown-dove",VU,U
28,26,"leucotis","Phapitreron","White-eared Brown-dove",LC,U
29,25,"cinereiceps","Phapitreron","Tawitawi Brown-dove",EN,U
30,24,"amethystinus","Phapitreron","Amethyst Brown-dove",LC,U
36,35,"scheepmakeri","Goura","Southern Crowned-pigeon",VU,U
37,35,"cristata","Goura","Western Crowned-pigeon",VU,U
38,34,"victoria","Goura","Victoria Crowned-pigeon",VU,U
40,39,"strigirostris","Didunculus","Tooth-billed Pigeon",EN,U
41,39,"nicobarica","Caloenas","Nicobar Pigeon",NT,U
42,32,"nobilis","Otidiphaps","Pheasant Pigeon",LC,U
43,31,"terrestris","Trugon","Thick-billed Ground-pigeon",LC,U
54,53,"placida","Geopelia","Peaceful Dove",LC,U
55,53,"striata","Geopelia","Zebra Dove",LC,U
56,52,"humeralis","Geopelia","Bar-shouldered Dove",LC,U
58,57,"cuneata","Geopelia","Diamond Dove",LC,U
59,57,"maugeus","Geopelia","Barred Dove",LC,U
62,61,"plumifera","Geophaps","Spinifex Pigeon",LC,U
63,61,"scripta","Geophaps","Squatter Pigeon",LC,U
64,60,"smithii","Geophaps","Partridge Pigeon",NT,U
69,68,"chalcoptera","Phaps","Common Bronzewing",LC,U
70,68,"elegans","Phaps","Brush Bronzewing",LC,U
71,67,"histrionica","Phaps","Flock Bronzewing",LC,U
73,72,"rufipennis","Petrophassa","Chestnut-quilled Rock-pigeon",LC,U
74,72,"albipennis","Petrophassa","White-quilled Rock-pigeon",LC,U
75,65,"lophotes","Ocyphaps","Crested Pigeon",LC,U
76,48,"melanoleuca","Leucosarcia","Wonga Pigeon",LC,U
79,78,"kubaryi","Gallicolumba","Caroline Islands Ground-dove",VU,U
80,78,"rubescens","Gallicolumba","Marquesan Ground-dove",VU,U
82,81,"jobiensis","Gallicolumba","White-bibbed Ground-dove",LC,U
83,81,"beccarii","Gallicolumba","Bronze Ground-dove",LC,U
87,86,"sanctaecrucis","Gallicolumba","Santa Cruz Ground-dove",EN,U
88,86,"rufigula","Gallicolumba","Cinnamon Ground-dove",LC,U
89,85,"xanthonura","Gallicolumba","White-throated Ground-dove",NT,U
91,90,"foersteri","Henicophaps","New Britain Bronzewing",VU,U
92,90,"albifrons","Henicophaps","New Guinea Bronzewing",LC,U
94,93,"platenae","Gallicolumba","Mindoro Bleeding-heart",CR,U
95,93,"hoedtii","Gallicolumba","Wetar Ground-dove",EN,U
100,99,"tristigmata","Gallicolumba","Sulawesi Ground-dove",LC,U
101,99,"keayi","Gallicolumba","Negros Bleeding-heart",CR,U
102,98,"menagei","Gallicolumba","Sulu Bleeding-heart",CR,U
103,97,"crinigera","Gallicolumba","Mindanao Bleeding-heart",VU,U
107,106,"luzonica","Gallicolumba","Luzon Bleeding-heart",NT,U
108,106,"stairi","Gallicolumba","Shy Ground-dove",VU,U
109,105,"erythroptera","Gallicolumba","Polynesian Ground-dove",CR,U
110,104,"canifrons","Gallicolumba","Palau Ground-dove",NT,U
119,118,"minuta","Columbina","Plain-breasted Ground-dove",LC,U
120,118,"talpacoti","Columbina","Ruddy Ground-dove",LC,U
121,117,"passerina","Columbina","Common Ground-dove",LC,U
123,122,"squammata","Columbina","Scaled Dove",LC,U
124,122,"inca","Columbina","Inca Dove",LC,U
127,126,"buckleyi","Columbina","Ecuadorian Ground-dove",LC,U
128,126,"cyanopis","Columbina","Blue-eyed Ground-dove",CR,U
129,125,"picui","Columbina","Picui Ground-dove",LC,U
130,114,"cruziana","Columbina","Croaking Ground-dove",LC,U
134,133,"ceciliae","Metriopelia","Bare-faced Ground-dove",LC,U
135,133,"morenoi","Metriopelia","Bare-eyed Ground-dove",LC,U
136,132,"melanoptera","Metriopelia","Black-winged Ground-dove",LC,U
137,131,"aymara","Metriopelia","Golden-spotted Ground-dove",LC,U
138,112,"campestris","Uropelia","Long-tailed Ground-dove",LC,U
141,140,"mondetoura","Claravis","Maroon-chested Ground-dove",LC,U
142,140,"godefrida","Claravis","Purple-winged Ground-dove",CR,U
143,139,"pretiosa","Claravis","Blue Ground-dove",LC,U
146,145,"variegatus","Mesitornis","White-breasted Mesite",VU,U
147,145,"unicolor","Mesitornis","Brown Mesite",VU,U
148,144,"benschi","Monias","Subdesert Mesite",VU,U
156,155,"lichtensteinii","Pterocles","Lichtenstein's Sandgrouse",LC,U
157,155,"alchata","Pterocles","Pin-tailed Sandgrouse",LC,U
159,158,"burchelli","Pterocles","Burchell's Sandgrouse",LC,U
160,158,"coronatus","Pterocles","Crowned Sandgrouse",LC,U
163,162,"gutturalis","Pterocles","Yellow-throated Sandgrouse",LC,U
164,162,"orientalis","Pterocles","Black-bellied Sandgrouse",LC,U
165,161,"personatus","Pterocles","Madagascar Sandgrouse",LC,U
169,168,"bicinctus","Pterocles","Double-banded Sandgrouse",LC,U
170,168,"indicus","Pterocles","Painted Sandgrouse",LC,U
171,167,"decoratus","Pterocles","Black-faced Sandgrouse",LC,U
173,172,"quadricinctus","Pterocles","Four-banded Sandgrouse",LC,U
174,172,"namaqua","Pterocles","Namaqua Sandgrouse",LC,U
176,175,"exustus","Pterocles","Chestnut-bellied Sandgrouse",LC,U
177,175,"senegallus","Pterocles","Spotted Sandgrouse",LC,U
179,178,"paradoxus","Syrrhaptes","Pallas's Sandgrouse",LC,U
180,178,"tibetanus","Syrrhaptes","Tibetan Sandgrouse",LC,U
181,149,"hoazin","Opisthocomus","Hoatzin",LC,U
194,193,"cristatus","Podiceps","Great Crested Grebe",LC,U
195,193,"major","Podiceps","Great Grebe",LC,U
196,192,"auritus","Podiceps","Horned Grebe",LC,U
197,191,"grisegena","Podiceps","Red-necked Grebe",LC,U
198,190,"taczanowskii","Podiceps","Junin Grebe",CR,U
199,189,"occipitalis","Podiceps","Silvery Grebe",LC,U
201,200,"nigricollis","Podiceps","Black-necked Grebe",LC,U
202,200,"gallardoi","Podiceps","Hooded Grebe",EN,U
204,203,"rolland","Rollandia","White-tufted Grebe",LC,U
205,203,"microptera","Rollandia","Titicaca Grebe",EN,U
207,206,"occidentalis","Aechmophorus","Western Grebe",LC,U
208,206,"clarkii","Aechmophorus","Clark's Grebe",LC,U
210,209,"poliocephalus","Poliocephalus","Hoary-headed Grebe",LC,U
211,209,"rufopectus","Poliocephalus","New Zealand Grebe",VU,U
215,214,"novaehollandiae","Tachybaptus","Australasian Grebe",LC,U
216,214,"ruficollis","Tachybaptus","Little Grebe",LC,U
217,213,"pelzelnii","Tachybaptus","Madagascar Grebe",VU,U
218,212,"dominicus","Tachybaptus","Least Grebe",LC,U
219,183,"podiceps","Podilymbus","Pied-billed Grebe",LC,U
224,223,"andinus","Phoenicoparrus","Andean Flamingo",VU,U
225,223,"jamesi","Phoenicoparrus","Puna Flamingo",NT,U
226,222,"ruber","Phoenicopterus","American Flamingo",LC,U
228,227,"chilensis","Phoenicopterus","Chilean Flamingo",NT,U
229,227,"roseus","Phoenicopterus","Greater Flamingo",LC,U
230,220,"minor","Phoeniconaias","Lesser Flamingo",NT,U
